1500.0,0.0,0.13933333333333334,0.16666666666666666,0.19733333333333333,0.23133333333333334,0.2673333333333333,0.306,0.3466666666666667,0.3893333333333333,0.43333333333333335,0.478,0.5226666666666666,0.5673333333333334,0.6113333333333333,0.654,0.6946666666666667,0.7333333333333333,0.7693333333333333,0.8033333333333333,0.834,0.8613333333333333,0.8866666666666667,0.9086666666666666,0.9273333333333333,0.944,0.958,0.97,0.98,0.988,0.9946666666666667,1.0
355.0,0.0,4.176369873349999e-08,8.22878550335e-08,1.4849350037350004e-07,2.818969772234999e-07,5.167877350234999e-07,8.746979094235e-07,1.3918200324234997e-06,1.9156442727235e-06,2.9951979152235005e-06,4.539168148223501e-06,5.847102565223498e-06,7.9733680997235e-06,1.01556610237235e-05,1.2292507057223498e-05,1.4334109743223503e-05,1.73178883232235e-05,1.90054379632235e-05,2.3629352993223502e-05,2.55235370632235e-05,2.5630374233223502e-05,2.9380853168223498e-05,3.0516515458223506e-05,3.1357546948223506e-05,3.44651408282235e-05,3.71847248832235e-05,3.814004748322351e-05,3.718079131322351e-05,3.8563564508223495e-05,4.0747307753223494e-05,3.91878170182235e-05
357.5,0.0,3.7934163828499995e-08,7.80323577685e-08,1.4599548332349997e-07,2.8284997557350005e-07,4.5740985277350007e-07,8.278968095235e-07,1.2950273237235e-06,1.8582772297234997e-06,2.9738070532235005e-06,4.2426264682234995e-06,5.675438896723499e-06,7.285138631723499e-06,9.8015044197235e-06,1.2806608567223501e-05,1.5977869023223502e-05,1.73701682532235e-05,1.94416893732235e-05,2.379281657822351e-05,2.5972315128223505e-05,2.8036072753223504e-05,3.1790588838223494e-05,3.373332799822351e-05,3.5376465428223504e-05,3.89232098982235e-05,4.25328959832235e-05,4.513643025322351e-05,4.46355780482235e-05,4.31245362732235e-05,4.29750477282235e-05,4.387529579822349e-05
360.0,0.0,4.672362862349999e-08,8.15772269835e-08,1.6120738622349999e-07,3.237206815235e-07,5.325049546235e-07,9.031224780734999e-07,1.6201696407235e-06,2.2952532537235004e-06,3.4954455792234997e-06,4.832260296723499e-06,7.0778828192235016e-06,9.4901033142235e-06,1.11788957502235e-05,1.4267440418223498e-05,1.76112761282235e-05,2.1882172118223497e-05,2.4612315778223497e-05,2.84463389882235e-05,3.03407312282235e-05,3.66663778432235e-05,3.8212616963223504e-05,3.89206207732235e-05,4.27728637882235e-05,4.218888432822351e-05,4.2547284903223495e-05,4.42399087482235e-05,4.4341258468223496e-05,4.716757656822351e-05,4.559048655322351e-05,4.4290737673223495e-05
362.5,0.0,5.5827668463500004e-08,1.0677396877349997e-07,1.8847308532350003e-07,3.442132769235e-07,6.231134906735e-07,1.0735455877234998e-06,1.7856101322235e-06,2.5299320177235e-06,3.4500221752235e-06,5.4576527277234995e-06,7.304083628223501e-06,1.00875418012235e-05,1.33500079632235e-05,1.6664339023223498e-05,1.91863989882235e-05,2.3634838983223495e-05,2.62802990532235e-05,3.31429275332235e-05,3.32210884932235e-05,3.630000489822349e-05,3.870642856822351e-05,4.1067611418223497e-05,4.31289882682235e-05,4.516106736322349e-05,4.8926765048223495e-05,4.86613294032235e-05,5.20133437732235e-05,5.3131405268223504e-05,5.8181218883223494e-05,6.12016449782235e-05
365.0,0.0,7.058162894349998e-08,1.2024386137349997e-07,2.3195008892349997e-07,4.293551458235001e-07,7.409345900735e-07,1.2841816616234999e-06,1.940816187723499e-06,2.9479617377235e-06,4.3067786087234994e-06,5.639308718223501e-06,8.9957746517235e-06,1.2061336644723501e-05,1.6377059033223503e-05,2.1517662973223497e-05,2.49892483132235e-05,2.77977597682235e-05,3.3977333423223496e-05,3.7577494903223494e-05,4.103044637822349e-05,4.225938327822349e-05,4.65109222982235e-05,4.88285201582235e-05,5.161850210822351e-05,5.57064708982235e-05,5.94470119582235e-05,5.859086603322349e-05,6.246671281822351e-05,5.966565503322351e-05,6.22082135182235e-05,6.0558345728223514e-05
367.5,0.0,6.88324010685e-08,1.4309007162349999e-07,2.7568700422349995e-07,5.171930697735e-07,8.630028163235e-07,1.3885673667234999e-06,2.2598156947235003e-06,3.3709844922235003e-06,4.6851549062235e-06,6.9863673042235e-06,9.487515046223499e-06,1.1888347838223503e-05,1.6481929543223495e-05,2.11422836232235e-05,2.5107576393223497e-05,2.75105827982235e-05,3.61428559582235e-05,4.054160471822349e-05,4.273704515322351e-05,4.722078709322351e-05,4.978964123822351e-05,5.132904651322349e-05,5.5025797603223515e-05,5.838309161822351e-05,5.70184337332235e-05,6.097233953322351e-05,5.9478482298223496e-05,6.255263823322351e-05,6.80795947782235e-05,6.91223950432235e-05
370.0,0.0,7.127575216349999e-08,1.3750099892349993e-07,2.832852262735e-07,5.043017725235e-07,9.160398807235e-07,1.6326001992235003e-06,2.6199605237235003e-06,3.8284294622235e-06,5.697903553723501e-06,8.513247766723499e-06,1.0955489802723499e-05,1.45581369732235e-05,1.92977911682235e-05,2.16970708432235e-05,2.6935090583223497e-05,3.13321834132235e-05,3.530358369822351e-05,3.985068403822349e-05,4.5489032613223494e-05,4.766780538322351e-05,5.179076567822351e-05,5.357262697322351e-05,5.5860102008223493e-05,5.891789995322351e-05,6.19055076432235e-05,6.39830338482235e-05,6.510554820322349e-05,6.499633062322349e-05,6.544509677322349e-05,6.638107669822351e-05
372.5,0.0,8.826988812350001e-08,1.857904566735e-07,3.460800800735e-07,6.577015341735001e-07,1.1120596499735e-06,1.8408019027235001e-06,3.0639700277235004e-06,4.665172658723499e-06,6.745880529223498e-06,9.126422088723501e-06,1.2386196315223499e-05,1.6586281603223504e-05,2.12386654232235e-05,2.46135574982235e-05,3.01306805132235e-05,3.60016480782235e-05,4.3810696013223505e-05,4.8652321933223495e-05,5.146776937322349e-05,5.6614481663223504e-05,5.8116930883223495e-05,6.24733388532235e-05,6.53857891782235e-05,6.93813723782235e-05,7.055935865322351e-05,7.473971209322349e-05,7.441496498322349e-05,7.33414385482235e-05,7.745456213322348e-05,7.73614815382235e-05
375.0,0.0,9.692218085349998e-08,1.8700027087350002e-07,3.501509528735e-07,7.060253924235e-07,1.2083033620235001e-06,1.9532675182235e-06,3.0792285862235005e-06,4.572792872723498e-06,6.820107097723502e-06,9.6373146687235e-06,1.2694698473223501e-05,1.7862322678223503e-05,2.2898056963223502e-05,2.7192763158223495e-05,3.47210523432235e-05,4.08875825882235e-05,4.898515333822351e-05,5.2832737923223515e-05,5.77041787282235e-05,6.33762777282235e-05,6.513764063822348e-05,7.393818640322351e-05,7.889731176322347e-05,7.78434325882235e-05,8.112400728822351e-05,8.480379082822349e-05,8.634479423322351e-05,9.355129884822351e-05,9.07702608732235e-05,9.26484154432235e-05
377.5,0.0,1.0994960417350006e-07,2.2679316442349998e-07,4.580647798734999e-07,8.367328578234999e-07,1.3374984387235003e-06,2.377750806723501e-06,3.5722976212235005e-06,5.5558335457235e-06,9.0005365917235e-06,1.19189911417235e-05,1.59562327432235e-05,2.2657155733223494e-05,2.8911370088223493e-05,3.6435312343223496e-05,4.192613859322349e-05,5.26076763782235e-05,5.69628410482235e-05,6.653770350822351e-05,7.343107853322349e-05,7.73014945282235e-05,8.104747365322351e-05,8.55091355732235e-05,9.196893079822349e-05,9.194617828322353e-05,9.545427898822351e-05,9.330515243822349e-05,9.51822796482235e-05,9.455863619822351e-05,9.656607693822353e-05,9.807811878322351e-05
380.0,0.0,1.2575145647350003e-07,2.3996292697349995e-07,4.5140409407350007e-07,8.732476582235e-07,1.5072897247235e-06,2.488217146223501e-06,4.2541351692234994e-06,6.256831566723499e-06,8.5614900047235e-06,1.2510735973223497e-05,1.8851394158223495e-05,2.40543195082235e-05,3.03878354232235e-05,3.79026658932235e-05,4.37303612582235e-05,4.96053681482235e-05,5.73120300832235e-05,6.54795813532235e-05,6.74711537532235e-05,7.241683569322349e-05,7.824160973822349e-05,8.374163961822351e-05,8.42659935082235e-05,8.858389817822349e-05,9.013627395822349e-05,9.61968567132235e-05,9.720729803322349e-05,9.62971768882235e-05,9.985182121822351e-05,9.82839309082235e-05
382.5,0.0,1.395678925735e-07,2.927698448735e-07,5.296037261234998e-07,9.757998782735002e-07,1.7520683547234999e-06,2.8039535982235e-06,4.8520766637235e-06,7.101589981723497e-06,1.0034123649723499e-05,1.4812185408223498e-05,1.92564847482235e-05,2.5074655593223498e-05,3.36328050982235e-05,3.9401076788223496e-05,4.95166465832235e-05,5.4343469198223505e-05,6.253969830822351e-05,6.949100069322349e-05,7.554847914322349e-05,8.14394465932235e-05,8.54274346132235e-05,9.38988014632235e-05,9.588451835822351e-05,0.00010071126531322349,0.00010330821538322351,0.00010686906463822351,0.0001063178210132235,0.00010883720321322349,0.00010866965290322352,0.0001112810835882235
385.0,0.0,1.9942433147349998e-07,3.8555634237350006e-07,7.764860274734999e-07,1.3679533572235e-06,2.4147627507235003e-06,3.8188786197234996e-06,5.963887778723499e-06,9.0562327267235e-06,1.4130788428223498e-05,1.9210313063223505e-05,2.49533255282235e-05,3.3434762713223503e-05,4.1310065973223496e-05,5.0097729113223496e-05,5.7415346688223504e-05,6.610900861822349e-05,7.67731534132235e-05,8.45255829382235e-05,9.26794451982235e-05,9.56445794982235e-05,9.60241396382235e-05,0.0001033278687832235,0.00010915781068822351,0.00011054160754322349,0.00011199160334322353,0.0001165959817932235,0.00011968832584322348,0.00011753299704322352,0.00011899539389322351,0.00012062327264322352
387.5,0.0,1.7599126027350002e-07,3.335910438735e-07,6.343217140735e-07,1.2685398732235001e-06,2.2738830827234997e-06,3.8825646107235e-06,5.533934959723501e-06,9.243611618723501e-06,1.30433689532235e-05,1.7695752278223496e-05,2.3381619203223504e-05,3.30901307082235e-05,3.97788368782235e-05,5.02729965582235e-05,6.00874135582235e-05,6.356624497322349e-05,7.288740970822352e-05,7.87669997182235e-05,8.593420395822351e-05,9.218715213822349e-05,0.00010004005281322349,0.0001023836139882235,0.00010580070314822352,0.00010811633914322348,0.0001104899013932235,0.00011283242239322349,0.00011420794959322351,0.0001160685301432235,0.00011767468894322347,0.00011828177789322348
390.0,0.0,1.7577054292349998e-07,3.5724275057349997e-07,6.947965690234999e-07,1.2418244842235002e-06,2.1941616037235002e-06,3.7225934957235e-06,5.8413637217235005e-06,9.1956800437235e-06,1.32349921232235e-05,1.92019275282235e-05,2.4660662338223497e-05,3.23535549532235e-05,3.93050059682235e-05,4.8609981123223506e-05,5.53450669932235e-05,6.708172412822349e-05,7.22068875682235e-05,8.155838304322349e-05,8.65785278382235e-05,9.46496493782235e-05,0.0001015645052682235,0.00010549043630822351,0.00010729103209322348,0.0001117971605932235,0.00011583686259322349,0.0001150498146432235,0.00011710689409322349,0.00011828384379322349,0.0001207184243932235,0.00012252522009322347
392.5,0.0,1.996285471735e-07,3.8818533637350003e-07,7.601605349235e-07,1.4427853872235e-06,2.5820886527235005e-06,4.295850109223499e-06,6.323328111223499e-06,9.243404736223502e-06,1.4031611948223504e-05,1.8803048973223503e-05,2.6027700263223493e-05,3.31653918632235e-05,4.099566310322349e-05,4.802744977822351e-05,5.819146853822349e-05,6.899971820322352e-05,7.648652506822352e-05,8.403225771822348e-05,9.024073376822351e-05,9.632303159822349e-05,0.00010263596574322349,0.00010656086460822351,0.00011303927034322349,0.0001136070630932235,0.0001167293991432235,0.00011773053444322348,0.0001206449909932235,0.0001218436639932235,0.0001231323113432235,0.00012414068694322348
395.0,0.0,1.961404054735e-07,3.7731453827350004e-07,7.242776066734999e-07,1.3328576957234997e-06,2.2908507707235003e-06,3.7871703697235007e-06,5.8940381992235015e-06,9.0864619227235e-06,1.3474961618223502e-05,1.9271496143223496e-05,2.3969326493223503e-05,3.22673200482235e-05,4.091832969822349e-05,4.989130074822351e-05,5.896137961322349e-05,6.908046805822351e-05,7.70729330732235e-05,8.522989672822349e-05,9.230402255322349e-05,9.78826494832235e-05,0.00010102153577322352,0.0001068018380532235,0.0001120040100432235,0.00011497844829322352,0.00011817731804322349,0.0001193532375432235,0.00011963144319322349,0.00012128827989322349,0.0001216823209932235,0.00012314368544322348
397.5,0.0,1.874138486235e-07,3.7874712882350003e-07,7.520185167235e-07,1.3609714962235004e-06,2.4337194392235002e-06,4.027090731223501e-06,5.700577217223501e-06,8.800320466723501e-06,1.37853274132235e-05,1.9719652468223495e-05,2.45558951782235e-05,3.17260928532235e-05,4.06087922582235e-05,4.68608338282235e-05,5.7475391698223506e-05,6.724063303322351e-05,7.17952622782235e-05,7.923757300822348e-05,9.17434660282235e-05,9.833460757822352e-05,9.91237219732235e-05,0.00010643158646822347,0.00011099563058322349,0.0001105405735932235,0.00011198332544322346,0.00011725065354322349,0.0001223824932932235,0.0001225448693432235,0.0001192932487432235,0.00012186331189322351
400.0,0.0,1.756467812235e-07,3.6699862592350004e-07,6.691066065735e-07,1.2152851787235e-06,2.0767238117235004e-06,3.7631793337234992e-06,5.723625495223501e-06,8.921133405223501e-06,1.2905681463223502e-05,2.0121844943223498e-05,2.37657974782235e-05,3.03688899232235e-05,3.83249424782235e-05,4.62121494782235e-05,5.5859582863223495e-05,6.256930581322352e-05,7.253680495822349e-05,8.075582052322348e-05,8.91175601832235e-05,9.43476564182235e-05,9.97225430732235e-05,0.00010600031210822349,0.00010949600272322349,0.0001127155600432235,0.00011533319374322349,0.00011892816859322353,0.00011953526234322349,0.0001187337333432235,0.00012089941244322349,0.00012165749739322348
402.5,0.0,1.766193763735e-07,3.596355770735e-07,6.874624036734999e-07,1.2828971572235e-06,2.111487950223501e-06,4.0406297637235e-06,6.172638550223499e-06,9.5140170577235e-06,1.3430446223223499e-05,1.90041961982235e-05,2.4903425653223506e-05,3.291155060322351e-05,4.19959144782235e-05,4.69658077082235e-05,5.82250108732235e-05,6.74029592782235e-05,7.266489417822348e-05,8.05272561382235e-05,8.93874917432235e-05,9.648333797322351e-05,0.0001009015625082235,0.00010713072231822348,0.0001091329898432235,0.00011438894264822349,0.00011985897404322348,0.00012186124399322348,0.00011872752869322351,0.0001236080534932235,0.0001230206112432235,0.0001244209590432235
405.0,0.0,1.844836861735e-07,3.7998892167350004e-07,7.150375612235e-07,1.3183553312235e-06,2.3501653202234998e-06,3.817656316223499e-06,6.053087449223501e-06,9.095675579723501e-06,1.3948792358223504e-05,1.97710007232235e-05,2.5461526078223497e-05,3.3701752348223497e-05,4.1994568978223496e-05,5.184159661322349e-05,5.8806920313223496e-05,6.711982175822349e-05,7.48100407532235e-05,8.506855527322353e-05,9.137424646322348e-05,9.47758268532235e-05,0.00010044339984822349,0.00010549250549322348,0.00010970388622322353,0.00011690418654322353,0.00012065016134322351,0.00011520184854322352,0.00011720410989322349,0.0001182393738932235,0.00011673043589322351,0.0001213255106932235
407.5,0.0,1.860080703735e-07,3.6342693792350004e-07,6.811746177735e-07,1.2620344907235e-06,2.2208355557235e-06,3.5726082917235004e-06,5.3830175247235e-06,8.6635650282235e-06,1.25609454582235e-05,1.77305363482235e-05,2.30898871282235e-05,3.04963281332235e-05,3.80692360432235e-05,4.89112374282235e-05,5.759361617322349e-05,6.47198156832235e-05,7.40436776082235e-05,8.09957612332235e-05,8.86759455782235e-05,9.317897715322351e-05,9.89158449432235e-05,0.0001029121017582235,0.0001064988090182235,0.00011223670854322351,0.0001158161776932235,0.0001124414899432235,0.00011647084479322348,0.00011822282849322351,0.00011955491434322349,0.00012273516504322348
410.0,0.0,1.8130392507350003e-07,3.6728947667349994e-07,7.075066920734999e-07,1.4235594422235003e-06,2.4717362492235e-06,4.0121015422235e-06,6.3151031422234995e-06,9.7113345272235e-06,1.4260711193223501e-05,1.87441430032235e-05,2.5046807948223492e-05,3.11083642382235e-05,4.099700842822349e-05,4.8028174288223503e-05,5.880402212822351e-05,6.867268608822352e-05,7.28894749882235e-05,8.207859871822351e-05,8.951263664822353e-05,9.635612597322352e-05,0.00010103601209322352,0.0001042617758532235,0.00010881134684322349,0.0001098652264932235,0.00011437549399322351,0.00011546143224322351,0.0001166270122432235,0.00011600337099322351,0.0001182683318432235,0.00012150133009322348
412.5,0.0,2.042646212235e-07,3.8132560602349996e-07,7.715345076235001e-07,1.3684298242235e-06,2.4508010682235e-06,4.141876693223501e-06,6.4271289687235e-06,9.7909447787235e-06,1.3874876038223503e-05,1.92452005432235e-05,2.63673639732235e-05,3.48149491232235e-05,4.28021626082235e-05,5.206200065822351e-05,6.168417246322349e-05,7.001073725822351e-05,7.737906243322349e-05,8.59062814032235e-05,9.404359043322349e-05,0.00010231018204322349,0.00010472820808822347,0.00010572003751822351,0.0001107753414932235,0.0001124466577932235,0.00011324508349322353,0.00011828384574322351,0.00012192122864322351,0.0001195052679432235,0.00012025715224322349,0.00012242903429322352
415.0,0.0,2.271335285735e-07,4.643634556735e-07,9.289987883234998e-07,1.6009022177234999e-06,2.8366149177235007e-06,4.6591541807235e-06,7.4675482982235e-06,1.1630054296723502e-05,1.65094664532235e-05,2.3676352243223506e-05,3.15129365732235e-05,4.04214128932235e-05,4.704365718322351e-05,5.71520857882235e-05,6.72362865682235e-05,7.46366183082235e-05,8.36992353382235e-05,9.024797407322351e-05,9.69414985932235e-05,0.00010049821659822347,0.00010666014683822349,0.00011105355309322349,0.00011703346399322352,0.0001186085926932235,0.00012123863674322349,0.0001228923691932235,0.0001223845626432235,0.00011957145884322349,0.0001185817029932235,0.00011874718044322352
417.5,0.0,2.394338220735e-07,5.012509478735e-07,9.112230604735e-07,1.7902094647235004e-06,3.1861625732235004e-06,5.1571954227235e-06,8.239011740223499e-06,1.22611388877235e-05,1.7075952138223498e-05,2.32994206032235e-05,3.11304144682235e-05,3.98878476432235e-05,4.83114165782235e-05,5.96053000582235e-05,7.068685560822349e-05,7.76583067632235e-05,8.740798118822352e-05,9.85528285332235e-05,0.00010267526500322348,0.0001103906084832235,0.00011018583394322348,0.00011666424474322354,0.00011774087619322349,0.0001184534598432235,0.0001236297781932235,0.00012436614229322353,0.00012300096279322352,0.00012741815169322349,0.0001262422317932235,0.00012346326264322353
420.0,0.0,2.672172807235e-07,5.439863943235001e-07,1.1012968372735e-06,1.9708464117235006e-06,3.1992664247235e-06,5.3454358147235e-06,8.656007807723499e-06,1.2640762528223499e-05,1.7405883848223502e-05,2.52626557032235e-05,3.2646010718223495e-05,4.0142725158223504e-05,4.948517587822351e-05,6.036527328322351e-05,7.35155533082235e-05,7.67823156682235e-05,8.702738385822349e-05,9.474169498822353e-05,0.00010098326645322352,0.00010411801422322353,0.00010939154644322351,0.0001158523734932235,0.00011859204539322346,0.0001193294488432235,0.00011814319199322351,0.00011991068794322351,0.00012003582909322349,0.00011973900559322349,0.00012042676974322354,0.00012142169539322352
422.5,0.0,2.594973640235e-07,5.211453301735e-07,9.456557219734997e-07,1.8587019292235004e-06,3.0776436892235006e-06,5.184128267223501e-06,8.1758615212235e-06,1.30915075132235e-05,1.76238026782235e-05,2.39601124882235e-05,3.11834194582235e-05,4.18506701732235e-05,5.14435453482235e-05,6.066280191822351e-05,7.05612795082235e-05,7.75856130432235e-05,8.50375276732235e-05,9.13111602832235e-05,9.563113352822349e-05,0.00010246841674822349,0.00010889925114322347,0.00010996864644322348,0.00011236495744322347,0.00011603957044322349,0.00011590822439322349,0.0001176384849432235,0.00012158096549322351,0.00011972969804322352,0.0001222459782432235,0.0001212851802932235
425.0,0.0,2.731652858735001e-07,5.212216567235e-07,1.0096524987235e-06,1.8626279522235006e-06,3.1655070497235e-06,5.0252863582235e-06,8.046974027223498e-06,1.21031608032235e-05,1.83447461332235e-05,2.3380686963223502e-05,3.2980394268223497e-05,4.163181900322351e-05,5.13990308582235e-05,6.0972132708223505e-05,6.887517965322348e-05,7.871154418822351e-05,8.404777079822348e-05,8.96522565082235e-05,9.499715166822351e-05,0.00010361020833322348,0.0001066001641432235,0.00011017135819322352,0.0001137032461932235,0.00011213742339322349,0.0001136691175432235,0.00011451407984322347,0.00011647394414322352,0.00011697761209322348,0.00011852171914322351,0.0001188557759932235
427.5,0.0,2.700247154235e-07,5.407323814735001e-07,9.995837335734999e-07,1.8778450762235e-06,3.199680767723501e-06,5.2137648572235005e-06,8.113643716223498e-06,1.2397066243223499e-05,1.7469240518223497e-05,2.5144431293223495e-05,3.3422546293223494e-05,4.1079619848223494e-05,4.98466830982235e-05,5.9623521048223503e-05,6.962686973822349e-05,7.865502093822348e-05,8.570150209822348e-05,9.09419403582235e-05,9.396602477822351e-05,0.00010091294282822349,0.0001031644577532235,0.00010780400339322351,0.0001089530345432235,0.00011091703529322348,0.00011338160119322352,0.00011238046984322351,0.00011255835714322351,0.0001117030475432235,0.00011457406629322349,0.0001149598357432235
430.0,0.0,2.366583646235e-07,4.793484424234999e-07,9.180391379235e-07,1.7279530562235006e-06,2.8479163327235002e-06,4.821911862223501e-06,7.3975884422235e-06,1.14555125832235e-05,1.6632246703223503e-05,2.2745358078223502e-05,2.94855164482235e-05,3.77453085882235e-05,4.61207381632235e-05,5.399065947322351e-05,6.30041075782235e-05,7.01649893882235e-05,7.69409668282235e-05,8.217060246822347e-05,8.960364802822349e-05,9.399705167822348e-05,9.87834636132235e-05,0.00010110220324322349,0.00010427521234322352,0.0001065391418932235,0.0001077915942432235,0.0001088051405932235,0.00011002966349322348,0.00011049093204322349,0.0001103513129432235,0.00010940395889322351
432.5,0.0,2.275161786735e-07,4.503427991235e-07,8.742214052234999e-07,1.6120379512234997e-06,2.8205897907235006e-06,4.5301766792235e-06,7.045140237223501e-06,1.06734897537235e-05,1.5563564943223502e-05,2.07880232632235e-05,2.7703553028223502e-05,3.52835003382235e-05,4.27559910232235e-05,5.0253326558223504e-05,5.84330938032235e-05,6.568021170822351e-05,7.357176771822347e-05,7.87540918282235e-05,8.518471301822351e-05,8.97836024532235e-05,9.293593400322352e-05,9.527122282322351e-05,9.796125310822351e-05,9.96977219332235e-05,0.0001015045186432235,0.0001023277691982235,0.0001033630247432235,0.00010483991259322353,0.00010479646894322349,0.00010407768004322352
435.0,0.0,1.9483053992349993e-07,3.798899117735e-07,7.384881062235e-07,1.3718482562234999e-06,2.3818114167235005e-06,3.8953577562234995e-06,6.145146162223499e-06,9.224149320723499e-06,1.3477963998223501e-05,1.8669398438223496e-05,2.4898042728223504e-05,3.11050512832235e-05,3.981910785322351e-05,4.74119974382235e-05,5.523460793822349e-05,6.222291384822351e-05,6.89882280132235e-05,7.585779211822349e-05,8.02097478982235e-05,8.48293137832235e-05,8.850633211322349e-05,9.26132521832235e-05,9.396809335822347e-05,9.569215260822348e-05,9.67170719832235e-05,9.767166968322351e-05,9.999143922822348e-05,0.00010120976479822348,0.0001014559111182235,0.00010198026844822349
437.5,0.0,1.7386248277349998e-07,3.4712795722350003e-07,6.517578898735e-07,1.1843123547235001e-06,2.0813853187234995e-06,3.4504986827235e-06,5.5179617082235e-06,8.339948190723501e-06,1.20327642282235e-05,1.6731940728223503e-05,2.22839509582235e-05,2.8219931828223505e-05,3.4604691498223505e-05,4.16729179832235e-05,4.993861229322349e-05,5.548575689822349e-05,6.216069568322349e-05,6.77605334932235e-05,7.37283994382235e-05,7.693082195822349e-05,8.01963048532235e-05,8.355651377822351e-05,8.441492143822349e-05,8.863871380322349e-05,9.086126927822351e-05,9.233608187322347e-05,9.238779101822348e-05,9.466723394822351e-05,9.48089219282235e-05,9.632820192822348e-05
440.0,0.0,1.3808888202349998e-07,2.643221863735e-07,5.176540954735001e-07,9.540774560235e-07,1.6716943627234999e-06,2.8899109762235003e-06,4.5338436482234994e-06,6.8569414307235e-06,1.0019008945223499e-05,1.3952312328223502e-05,1.8574259308223496e-05,2.440878695822349e-05,3.0016389133223506e-05,3.6852515848223504e-05,4.17484908132235e-05,4.81491938332235e-05,5.5690528723223485e-05,5.92852052132235e-05,6.74471649132235e-05,7.076377413822351e-05,7.38969386382235e-05,7.699190035822349e-05,7.915980357322348e-05,7.973218933322349e-05,8.21997957982235e-05,8.48153377732235e-05,8.565253999822349e-05,8.82932815132235e-05,8.64916543632235e-05,8.655163954822348e-05
442.5,0.0,9.968938317350001e-08,2.0511654907350001e-07,3.868135965735e-07,7.063191932234999e-07,1.2563268257235001e-06,2.1165016247235003e-06,3.1876335097235005e-06,4.981064543723499e-06,7.2484836527235005e-06,1.03461459127235e-05,1.3685530248223502e-05,1.80221638382235e-05,2.3359464723223497e-05,2.9373606673223497e-05,3.45215605932235e-05,3.95903190032235e-05,4.51753540682235e-05,5.085211095822349e-05,5.317861440322351e-05,5.9878914978223496e-05,6.16245430932235e-05,6.58076504682235e-05,6.70587422832235e-05,7.076025402822351e-05,7.004417537322351e-05,7.473838349822351e-05,7.408711215822352e-05,7.72028838432235e-05,7.63528450032235e-05,7.67064838082235e-05
445.0,0.0,6.94780488485e-08,1.372060207235e-07,2.721998927235e-07,4.978762465234999e-07,8.445537762234999e-07,1.4722354862235e-06,2.4079052737234998e-06,3.6489838947235e-06,5.419097179223499e-06,7.450729196223501e-06,1.0255665748223503e-05,1.3569479298223503e-05,1.7245628338223498e-05,2.17662251932235e-05,2.5031589838223502e-05,2.890174262822349e-05,3.32422076782235e-05,3.76420952982235e-05,4.1755323473223504e-05,4.50162361482235e-05,4.957565641822351e-05,5.037683083822352e-05,5.27931929182235e-05,5.4320383858223495e-05,5.66829123982235e-05,5.92853072482235e-05,6.031340788822348e-05,6.13581748182235e-05,6.27213826032235e-05,6.212746472822348e-05
447.5,0.0,5.0478902763500014e-08,1.034518784735e-07,1.9331646782350002e-07,3.557792171734999e-07,6.374917606235e-07,1.0684387075235e-06,1.7229290297235e-06,2.6717130237235005e-06,3.8995841552235e-06,5.7478444297235e-06,7.887269939223498e-06,1.03471809082235e-05,1.2888289063223498e-05,1.55629440982235e-05,1.90295590932235e-05,2.24598378632235e-05,2.5782762513223506e-05,2.99210439982235e-05,3.3075119148223505e-05,3.618550824822349e-05,3.9099097098223504e-05,4.16220872482235e-05,4.3102070673223494e-05,4.520630744822349e-05,4.7007320868223504e-05,4.769441191822351e-05,5.07805766532235e-05,5.1031727438223495e-05,5.23927609632235e-05,5.33648545482235e-05
450.0,0.0,4.12500667535e-08,8.148131262349998e-08,1.5428679172350001e-07,2.782077233735e-07,4.916054269234999e-07,8.191228775235e-07,1.3184382252235e-06,1.9746895622235e-06,2.8856121027235004e-06,4.0225536472235e-06,5.4983938382234994e-06,7.748555331723499e-06,9.8731432367235e-06,1.18642264332235e-05,1.4822330818223497e-05,1.7741716413223502e-05,2.10530460132235e-05,2.37743900232235e-05,2.62060730082235e-05,2.8257924603223497e-05,3.06492334682235e-05,3.18882130882235e-05,3.43127526232235e-05,3.64158492382235e-05,3.7923887698223504e-05,3.84751553532235e-05,3.97283177182235e-05,4.03019454882235e-05,4.12147192882235e-05,4.12445343232235e-05
452.5,0.0,3.01946491935e-08,6.21644987185e-08,1.1555827472349999e-07,2.1881850252350002e-07,3.864763446735e-07,6.393317565735e-07,9.905819041735e-07,1.5265570677235e-06,2.2838999347235006e-06,3.2603316152235e-06,4.5824886327235e-06,6.2140012332235005e-06,8.043971874723501e-06,1.01506919087235e-05,1.25896217432235e-05,1.5104124418223501e-05,1.7968435058223498e-05,1.9902062363223496e-05,2.20056767632235e-05,2.4320273583223497e-05,2.5729447388223497e-05,2.79372070382235e-05,2.9803232683223498e-05,3.07071033482235e-05,3.12143725682235e-05,3.22272550632235e-05,3.35678956582235e-05,3.45479593232235e-05,3.6125153103223496e-05,3.61867498982235e-05
455.0,0.0,2.85898143535e-08,5.1224595153499996e-08,9.956045947849999e-08,1.7170997882349998e-07,3.0801474822349995e-07,5.580895577735e-07,8.189364169734999e-07,1.3432993502235003e-06,2.0310103342235008e-06,2.7687440007235e-06,3.8405700107234995e-06,4.8173021787235e-06,6.565475640723501e-06,7.968606073223501e-06,1.0154315291223498e-05,1.20553324732235e-05,1.4637022053223499e-05,1.6272189103223497e-05,1.8198983923223496e-05,1.9773485553223498e-05,2.24021756182235e-05,2.2963070193223497e-05,2.4592750278223495e-05,2.50561250032235e-05,2.66796967182235e-05,2.8967895358223502e-05,2.83540989382235e-05,2.8960958553223497e-05,3.0400775343223497e-05,2.96016709282235e-05
